,precision,recall,f1-score,support
beau_s line,0.8571428571428571,0.8,0.8275862068965517,15.0
black line,0.8571428571428571,0.9473684210526315,0.9,19.0
clubbing,0.6428571428571429,0.9,0.75,10.0
normal,0.9864864864864865,0.9358974358974359,0.9605263157894737,156.0
onicomicosis,0.8,0.8,0.8,15.0
white spot,0.7647058823529411,0.9285714285714286,0.8387096774193549,14.0
accuracy,0.9170305676855895,0.9170305676855895,0.9170305676855895,0.9170305676855895
macro avg,0.8180558709970475,0.8853062142535827,0.8461370333508967,229.0
weighted avg,0.9265030690666448,0.9170305676855895,0.919641195853612,229.0
